{
  "assetsByChunkName": {
    "vendors~app-account~app-confirmation~app-order": "chunk.99f90663942f0bb458ac.js",
    "vendors~app-account~app-checkout": "chunk.d2316e8d828e8c5a8490.js",
    "vendors~app-cart~app-checkout": "chunk.f503d3fb386985b1f01c.js",
    "admin": [
      "admin.2a869fc7042a62f93c62.js",
      "admin.2a869fc7042a62f93c62.js.map"
    ],
    "app-account": "chunk.a00411f16122c58df45d.js",
    "app-cart": "chunk.d5a45a9b770850397efa.js",
    "app-checkout": "chunk.ff89451df2bc2395f8c8.js",
    "app-confirmation": "chunk.7fac330a469e5a0121c1.js",
    "checkout": [
      "checkout.886e37b9c0ef68b1f7b7.js",
      "checkout.886e37b9c0ef68b1f7b7.js.map"
    ],
    "storefront": [
      "storefront.b35150429e17a82965aa.css",
      "storefront.4865b5ba61ae904676ac.js",
      "storefront.b35150429e17a82965aa.css.map",
      "storefront.4865b5ba61ae904676ac.js.map"
    ],
    "vendors~app-cart": "chunk.8dbd39dcca336bea82eb.js",
    "vendors~app-order": "chunk.701fe32da90779bfcbcc.js"
  }
}