{
  "youtube": "https://www.youtube.com/channel/UCuRpqRTfZ1Txb9Lf56mNOKA",
  "facebook": "https://www.facebook.com/conexao.office.moveis",
  "phone": "(11) 3666-3826",
  "doc_number": "23.108.92/00001-23",
  "whatsapp": "(11) 98726-0860",
  "instagram": "https://www.instagram.com/conexao_office/",
  "twitter": "",
  "address": "Endereço: Avenida São João, 1895 – Santa Cecilia – CEP: 01211-100. Horário de atendimento: 9h00 ás 18h00 de Segunda a Sexta-Feira",
  "tiktok": "",
  "pinterest": "",
  "email": "sac@conexaooffice.com.br",
  "linkedin": "https://www.linkedin.com/company/conex%C3%A3o-prime/"
}