{
  "description": {
    "title": "Sobre Nós",
    "text": ""
  },
  "links_1": {
    "list_pages": true,
    "title": "Institucional",
    "list": [
      {
        "text": "Sobre Nós",
        "url": "https://conexaooffice.netlify.app/pages/sobre-nos"
      },
      {
        "text": "Nossa Loja",
        "url": "https://conexaooffice.netlify.app/pages/nossas-lojas"
      },
      {
        "text": "Política de Privacidade",
        "url": "https://conexaooffice.netlify.app/pages/politica-de-privacidade"
      },
      {
        "text": "Trocas e Devoluções",
        "url": "https://conexaooffice.netlify.app/pages/politica-de-trocas-e-devolucoes"
      },
      {
        "text": "Política de Entregas e Envios",
        "url": "https://conexaooffice.netlify.app/pages/politicas-de-entrega"
      },
      {
        "text": "Formas de Pagamento",
        "url": "https://conexaooffice.netlify.app/pages/pagamentos"
      },
      {
        "text": "Aluguel de Móveis",
        "url": "https://conexaooffice.netlify.app/pages/aluguel-de-moveis"
      },
      {
        "text": "Locação de Móveis",
        "url": "https://marketing.conexaohomeblog.com.br/locacao-de-moveis"
      },
      {
        "text": "Pague com Cartão BNDES",
        "url": "https://conexaooffice.netlify.app/pages/pague-com-cartao-bndes"
      },
      {
        "text": "Arquitetos e Designers",
        "url": "https://conexaooffice.netlify.app/pages/arquiteto-e-designers"
      }
    ]
  },
  "links_2": {
    "title": "Nossas Lojas",
    "list": [
      {
        "text": "Loja Santa Cecília @ Av. São João, 1895 - Santa Cecilia, São Paulo - SP, 01211-100",
        "url": "https://conexaooffice.netlify.app/pages/nossas-lojas"
      }
    ],
    "list_categories": false
  },
  "contacts": {
    "title": "Contatos",
    "phone_wpp": true,
    "socials": true,
    "email": true,
    "address": true
  },
  "stamps": [
    {
      "src": "/img/uploads/ssl-safe.png",
      "alt": "Secure connection"
    }
  ],
  "payment_methods": {
    "bb": false,
    "visa": true,
    "boleto": false,
    "aura": true,
    "banrisul": false,
    "elo": true,
    "hipercard": false,
    "hsbc": false,
    "bradesco": false,
    "santander": false,
    "mastercard": true,
    "citibank": false,
    "diners": true,
    "mais": false,
    "pix": true,
    "amex": true,
    "itau": false
  },
  "credits": ""
}