{
  "marketing_stripe": {
    "text": "",
    "link": "",
    "background": "#d9d9d9",
    "color": "#1F366A"
  },
  "contacts_stripe": {
    "pages": [],
    "phone_wpp": true,
    "socials": true
  },
  "categories_list": {
    "featured": [
      "/produtos?Todos os Produtos",
      "/arquivos-e-ficharios?Arquivos e Fichários",
      "/lockers?Lockers",
      "/produtos/mesas?Mesas",
      "/produtos/cadeiras?Cadeiras",
      "/produtos/armarios?Armários",
      "/estantes?Estantes"
    ],
    "random": 0,
    "full_width": true
  },
  "desktop_megamenu": true,
  "search_input": true,
  "alphabetical_order_submenu": true,
  "full_width_submenu": false,
  "menusecundario": {
    "listamenusecundario": [
      {
        "img": "/img/uploads/saladeestar.svg",
        "title": "Sala de estar",
        "link": "/sala-de-estar"
      },
      {
        "img": "/img/uploads/saladejantar.svg",
        "title": "Sala de jantar",
        "link": "/sala-de-jantar"
      },
      {
        "img": "/img/uploads/quarto.svg",
        "title": "Quarto",
        "link": "/quarto"
      },
      {
        "img": "/img/uploads/escritorio.svg",
        "title": "Escritório",
        "link": "/escritorio"
      },
      {
        "img": "/img/uploads/nossaslojas.svg",
        "title": "Nossas Lojas",
        "link": "/nossaslojas"
      },
      {
        "img": "/img/uploads/impermeabilizacao.svg",
        "title": "Impermeabilização",
        "link": "/impermeabilizacao"
      },
      {
        "img": "/img/uploads/alugueldemoveis.svg",
        "title": "Aluguel de imóveis",
        "link": "/aleguel-de-imoveis"
      },
      {
        "img": "/img/uploads/vendacorporativa.svg",
        "title": "Venda Corporativa",
        "link": "/venda-corporativa"
      }
    ]
  }
}