{
  "meta_title": "Conexão Office | Móveis para Escritórios, Escolas ou Móveis de Aço",
  "meta_description": "Aqui na Conexão Office Você Encontra Produtos Exclusivos Para Tornar Seu Escritório Mais Aconchegante e Acolhedor, Acesse e Confira!",
  "sections": [
    {
      "type": "banner-slider",
      "autoplay": 2000,
      "full_width": true,
      "slides": [
        {
          "start": "",
          "end": "",
          "img": "/img/uploads/rotativosdesk_1.png",
          "mobile_img": "/img/uploads/rotativos_1.png",
          "link": ""
        },
        {
          "start": "",
          "end": "",
          "img": "/img/uploads/rotativosdesk.png",
          "mobile_img": "/img/uploads/rotativos_2.png",
          "link": "https://conexaooffice.netlify.app/produtos/home-e-office"
        }
      ]
    },
    {
      "type": "info-bar",
      "enabled": false
    },
    {
      "type": "collection-shelf",
      "shuffle": false,
      "limit": 13,
      "page": 1,
      "collection_id": "632dbe5c73321213f889c96d:categories:Home & Office:/produtos/home-e-office",
      "sort": "views",
      "title": "DESTAQUES"
    },
    {
      "type": "banners-grid-mt",
      "identificador": "content-banner-tarja",
      "banners": [
        {
          "img": "/img/icons-tarja/percent.svg",
          "link": "#",
          "mobile_img": "",
          "alt": "PARCELE SUAS COMPRAS! EM ATÉ 10X SEM JUROS"
        },
        {
          "img": "/img/icons-tarja/frete.svg",
          "link": "#",
          "mobile_img": "",
          "alt": "RECEBA EM CASA! ENTREGAMOS PARA TODO O BRASIL"
        },
        {
          "img": "/img/icons-tarja/cartao.svg",
          "link": "#",
          "mobile_img": "",
          "alt": "COMPRE COM CARTÃO BNDES! CONSULTE CONDIÇÕES"
        },
        {
          "img": "/img/icons-tarja/contato.svg",
          "link": "#",
          "mobile_img": "",
          "alt": "SOLICITE SEU PROJETO! FALE COM UM DE NOSSOS VENDEDORES"
        }
      ]
    },
    {
      "type": "newsletter-mt",
      "active": true
    },
    {
      "type": "collection-shelf",
      "shuffle": true,
      "limit": 8,
      "page": 1,
      "collection_id": "632db83d73321213f889bde6:categories:Cadeiras:/cadeiras",
      "title": "Destaques",
      "headless": false,
      "sort": "highest_price"
    },
    {
      "type": "banners-grid",
      "identificador": "banner-triple",
      "banners": [
        {
          "img": "/img/uploads/mosaicosdesk_1.png",
          "link": "",
          "mobile_img": "",
          "alt": ""
        },
        {
          "img": "/img/uploads/mosaicosdesk_2.png",
          "link": "https://conexaooffice.netlify.app/produtos/cadeiras",
          "mobile_img": "",
          "alt": "Cadeiras para Escritório"
        },
        {
          "img": "/img/uploads/mosaicosdesk_3.png",
          "link": "https://conexaooffice.netlify.app/moveis-de-aco",
          "mobile_img": "",
          "alt": ""
        }
      ]
    },
    {
      "type": "responsive-banner",
      "identificador": "full-banner-home",
      "img": "/img/uploads/rodapedesk.png",
      "link": "https://conexaooffice.netlify.app/pages/nossas-lojas",
      "mobile_img": "/img/uploads/rodape.png",
      "alt": "Conheça nossas lojas"
    }
  ]
}